{
  "name": "angular-ui-grid",
  "description": "A data grid for Angular",
  "main": [
    "./ui-grid.css",
    "./ui-grid.js"
  ],
  "ignore": [],
  "dependencies": {
    "angular": ">=1.4.0 1.5.x"
  },
  "repository": {
    "type": "git",
    "url": "https://github.com/angular-ui/ui-grid.git"
  },
  "homepage": "http://ui-grid.info",
  "bugs": {
    "url": "https://github.com/angular-ui/ui-grid/issues"
  },
  "keywords": [
    "angular",
    "ng-grid",
    "nggrid",
    "grid",
    "angularjs",
    "slickgrid",
    "kogrid",
    "ui-grid",
    "ui grid",
    "data grid"
  ],
  "license": "MIT",
  "version": "4.0.2",
  "_release": "4.0.2",
  "_resolution": {
    "type": "version",
    "tag": "v4.0.2",
    "commit": "70e2959bdc9bcf5c6e49209300788b73fd2ca719"
  },
  "_source": "https://github.com/angular-ui/bower-ui-grid.git",
  "_target": "^4.0.2",
  "_originalSource": "angular-ui-grid",
  "_direct": true
}